BWV,BC,Title,Key,Date,Genre,Scoring,Notes
001,A173,Wie schön leuchtet der Morgenstern,F major,1725,Sacred cantatas,"For 3 voices, mixed chorus, orchestra",
002,A098,"Ach Gott, vom Himmel sieh darein",G minor,1724,Sacred cantatas,"For 3 voices, mixed chorus, orchestra",
003,A033,"Ach Gott, wie manches Herzeleid",A major,1725,Sacred cantatas,"For 4 voices, mixed chorus, orchestra",
004,A054,Christ lag in Todesbanden,E minor,"1707–08?, rev. 1724–25",Sacred cantatas,"For 4 voices, mixed chorus, orchestra",
005,A145,Wo soll ich fliehen hin,G minor,1724,Sacred cantatas,"For 4 voices, mixed chorus, orchestra",
006,A057,"Bleib bei uns, denn es will Abend werden",C minor,1725,Sacred cantatas,"For 4 voices, mixed chorus, orchestra",movt.III adapted in BWV 649
007,A177,Christ unser Herr zum Jordan kam,E minor,1724,Sacred cantatas,"For 3 voices, mixed chorus, orchestra",
008,A137,"Liebster Gott, wenn werd ich sterben?",E major,"1724, rev. 1744–47",Sacred cantatas,"For 4 voices, mixed chorus, orchestra",
009,A107,Es ist das Heil uns kommen her,E major,1732–35,Sacred cantatas,"For 4 voices, mixed chorus, orchestra",
010,A175,Meine Seel erhebt den Herren,G minor,1724,Sacred cantatas,"For 4 voices, mixed chorus, orchestra",movt.V adapted in BWV 648
011,D9,Lobet Gott in seinen Reichen (Himmelfahrts-Oratorium),D major,1735,Sacred cantatas,"For 4 voices, mixed chorus, orchestra",partly re-used in BWV 233
012,A068,"Weinen, Klagen, Sorgen, Zagen",F major,1714,Sacred cantatas,"For 3 voices, mixed chorus, orchestra",
013,A034,"Meine Seufzer, meine Tränen",D minor,1726,Sacred cantatas,"For 4 voices, mixed chorus, orchestra",
014,A040,WarWär Gott nicht mit uns diese Zeit,G major,1735,Sacred cantatas,"For 3 voices, mixed chorus, orchestra",
015,V01,Denn du wirst meine Seele nicht in der Hölle lassen,C major,—,Sacred cantatas,"For 4 voices, mixed chorus, orchestra",spurious; composed by Johann Ludwig Bach
016,A023,"Herr Gott, dich loben wir",A minor,1725,Sacred cantatas,"For 3 voices, mixed chorus, orchestra",
017,A131,"Wer Dank opfert, der preiset mich",A major,1726,Sacred cantatas,"For 4 voices, mixed chorus, orchestra",partly re-used in BWV 236
018,A044,Gleichwie der Regen und Schnee vom Himmel fällt,G minor,"1713–14, rev. 1724",Sacred cantatas,"For 3 voices, mixed chorus, orchestra",partly re-used in BWV 233
019,A180,Es erhub sich ein Streit,C major,1726,Sacred cantatas,"For 3 voices, mixed chorus, orchestra",
020,A095,"O Ewigkeit, du Donnerwort",F major,1724,Sacred cantatas,"For 3 voices, mixed chorus, orchestra",
021,A099,Ich hatte viel Bekümmernis,C minor,1714,Sacred cantatas,"For 3 voices, mixed chorus, orchestra",
022,A048,Jesus nahm zu sich die Zwölfe,G minor,1723,Sacred cantatas,"For 3 voices, mixed chorus, orchestra",
023,A047,Du wahrer Gott und Davids Sohn,C minor,"1723, rev. 1724",Sacred cantatas,"For 3 voices, mixed chorus, orchestra",
024,A102,Ein ungefärbt Gemüte,F major,1723,Sacred cantatas,"For 4 voices, mixed chorus, orchestra",
025,A129,Es ist nichts Gesundes an meinem Leibe,E minor,1723,Sacred cantatas,"For 3 voices, mixed chorus, orchestra",
026,A162,"Ach wie flüchtig, ach wie nichtig",A minor,1724,Sacred cantatas,"For 4 voices, mixed chorus, orchestra",
027,A138,"Wer weiss, wie nahe mir mein Ende",C minor,1726,Sacred cantatas,"For 4 voices, mixed chorus, orchestra",
028,A020,Gottlob! nun geht das Jahr zu Ende,A minor,1725,Sacred cantatas,"For 4 voices, mixed chorus, orchestra",theme used in BWV 231
029,B08,"Wir danken dir, Gott, wir danken dir",D major,1731,Secular cantatas,"For 4 voices, mixed chorus, orchestra",Sinfonia (No. 1) based on the Prelude (No. 1) of the Violin Partita No. 3 BWV 1006.
030,A178,"Freue dich, erlöste Schar",D major,1738,Sacred cantatas,"For 4 voices, mixed chorus, orchestra",
030a,G31,Angenehmes Wiederau,D major,1737,Secular cantatas,"For 4 voices, mixed chorus, orchestra",dramma per musica
031,A055,Der Himmel lacht! die Erde jubiliert,C major,"1715, rev. 1724",Sacred cantatas,"For 3 voices, mixed chorus, orchestra",
032,A031,"Liebster Jesu, mein Verlangen",E minor,1726,Sacred cantatas,"For 2 voices, mixed chorus, orchestra",
033,A127,"Allein zu dir, Herr Jesu Christ",A minor,1724,Sacred cantatas,"For 3 voices, mixed chorus, orchestra",
034,A084,"O ewiges Feuer, o Ursprung der Liebe",D major,1746–47,Sacred cantatas,"For 3 voices, mixed chorus, orchestra",adapted from BWV 34a
034a,B13,"O ewiges Feuer, o Ursprung der Liebe",D major,1726,Secular cantatas,"For 4 voices, mixed chorus (orchestra?)",partly lost; revised as BWV 34
035,A125,Geist und Seele wird verwirret,D minor,1726,Sacred cantatas,"For voice, orchestra",partly based on a lost oboe concerto (see BWV 1059R)
036,A003,Schwingt freudig euch empor,D major,"1725–30?, rev. 1731",Sacred cantatas,"For 3 voices, mixed chorus, orchestra",based on BWV 36c
036a,G12,Steigt freudig in die Luft,,1726,Secular cantatas,,based on BWV.36c; lost
036b,G38,Die Freude reget sich,D major,1735,Secular cantatas,"For 3 voices, mixed chorus, orchestra",incomplete
036c,G35,Schwingt freudig euch empor,D major,1725,Secular cantatas,"For 3 voices, mixed chorus, orchestra",revised as BWV.36
037,A075,Wer da glaubet und getauft wird,A major,1724,Sacred cantatas,"For 4 voices, mixed chorus, orchestra",incomplete
038,A152,Aus tiefer Not schrei ich zu dir,E minor,1724,Sacred cantatas,"For 4 voices, mixed chorus, orchestra",
039,A096,Brich dem Hungrigen dein Brot,G minor,1726,Sacred cantatas,"For 3 voices, mixed chorus, orchestra",
040,A012,Dazu ist erschienen der Sohn Gottes,F major,1723,Sacred cantatas,"For 3 voices, mixed chorus, orchestra",partly re-used in BWV 233
041,A022,"Jesu, nun sei gepreiset",C major,1724,Sacred cantatas,"For 4 voices, mixed chorus, orchestra",
042,A063,Am Abend aber desselbigen Sabbats,D major,1725,Sacred cantatas,"For 4 voices, mixed chorus, orchestra",
043,A077,Gott fähret auf mit Jauchzen,C major,1726,Sacred cantatas,"For 4 voices, mixed chorus, orchestra",
044,A078,Sie werden euch in den Bann tun,G minor,1724,Sacred cantatas,"For 4 voices, mixed chorus, orchestra",
045,A113,"Es ist dir gesagt, Mensch, was gut ist",E major,1726,Sacred cantatas,"For 4 voices, mixed chorus, orchestra",
046,A117,Schauet doch und sehet,D minor,1723,Sacred cantatas,"For 3 voices, mixed chorus, orchestra",
047,A141,Wer sich selbst erhöhet,G minor,1726,Sacred cantatas,"For 2 voices, mixed chorus, orchestra",
048,A144,"Ich elender Mensch, wer wird mich erlösen",G minor,1723,Sacred cantatas,"For 2 voices, mixed chorus, orchestra",
049,A150,Ich geh' und suche mit Verlangen,E major,1726,Sacred cantatas,"For 2 voices, orchestra",sinfonia based on a lost oboe concerto (see BWV 1053R)
050,A194,Nun ist das Heil und die Kraft,D major,1723,Sacred cantatas,"For 2 mixed choruses, orchestra",incomplete
051,A134,Jauchzet Gott in allen Landen,C major,1730,Sacred cantatas,"For voice, trumpet, strings, continuo",
052,A160,"Falsche Welt, dir trau ich nicht",F major,1726,Sacred cantatas,"For voice, mixed chorus, orchestra",
053,V02,"Schlage doch, gewünschte Stunde",E major,—,Sacred cantatas,"For voice, percussion, organ, strings",spurious; composed by Melchior Hoffmann
054,A051,Widerstehe doch der Sünde,E♭ major,1714,Sacred cantatas,"For voice, strings, continuo",partly revised in BWV 247
055,A157,"Ich armer Mensch, ich Sündenknecht",G minor,1726,Sacred cantatas,"For voice, mixed chorus, orchestra",
056,A146,Ich will den Kreuzstab gerne tragen,G minor,1726,Sacred cantatas,"For voice, mixed chorus, orchestra",
057,A014,Selig ist der Mann,G minor,1726,Sacred cantatas,"For 2 voices, mixed chorus, orchestra",
058,A026,"Ach Gott, wie manches Herzeleid",C major,"1727, rev. 1733–34?",Sacred cantatas,"For 2 voices, orchestra",
059,A082,"Wer mich liebet, der wird mein Wort halten",C major,1724,Sacred cantatas,"For 2 voices, mixed chorus, orchestra",re-used in BWV 74
060,A161,"O Ewigkeit, du Donnerwort (Dialogue zwischen Furcht und Hoffnung)",D major,1723,Sacred cantatas,"For 3 voices, mixed chorus, orchestra",
061,A001,"Nun komm, der Heiden Heiland",A minor,1714,Sacred cantatas,"For 3 voices, mixed chorus, orchestra",
062,A002,"Nun komm, der Heiden Heiland",B minor,1724,Sacred cantatas,"For 4 voices, mixed chorus, orchestra",
063,A008,"Christen, ätzet diesen Tag",C major,"1714–15, rev. 1729?",Sacred cantatas,"For 4 voices, mixed chorus, orchestra",
064,A015,"Sehet, welch eine Liebe",E minor,1723,Sacred cantatas,"For 3 voices, mixed chorus, orchestra",
065,A027,Sie werden aus Saba alle kommen,C major,1724,Sacred cantatas,"For 2 voices, mixed chorus, orchestra",
066,A056,"Erfreut euch, ihr Herzen",D major,1724,Sacred cantatas,"For 3 voices, mixed chorus, orchestra",based on BWV 66a
066a,G004,Der Himmel dacht auf Anhalts Ruhm und Glück,,1718,Secular cantatas,"For 2 voices, mixed chorus, orchestra",lost; revised as BWV 66
067,A062,Halt im Gedächtnis Jesum Christ,A major,1724,Sacred cantatas,"For 3 voices, mixed chorus, orchestra",partly re-used in BWV 234
068,A086,Also hat Gott die Welt geliebt,D minor,1725,Sacred cantatas,"For 2 voices, mixed chorus, orchestra",
069,B10,"Lobe den Herrn, meine Seele",D major,1742–48,Secular cantatas,"For 4 voices, mixed chorus, orchestra",based on BWV 69a
069a,A123,"Lobe den Herrn, meine Seele",D major,1723,Sacred cantatas,"For 4 voices, mixed chorus, orchestra",revised as BWV 69
070,A165,"Wachet, betet, seid bereit allezeit!",C major,1723,Sacred cantatas,"For 4 voices, mixed chorus, orchestra",based on BWV 70a
070a,A004,"Wachet, betet, seid bereit allezeit!",C major,1716,Sacred cantatas,,"text not lost, but music survives in a few individual parts; revised as BWV 70"
071,B01,Gott ist mein König,C major,1708,Secular cantatas,"For 4 voices, mixed chorus, orchestra",
072,A037,Alles nur nach Gottes Willen,A minor,1726,Sacred cantatas,"For 3 voices, mixed chorus, orchestra",partly re-used in BWV 235
073,A035,"Herr, wie du willt, so schick's mit mir",G minor,"1724, rev. 1730–39?",Sacred cantatas,"For 3 voices, mixed chorus, orchestra",
074,A083,"Wer mich liebet, der wird mein Wort halten",C major,1725,Sacred cantatas,"For 4 voices, mixed chorus, orchestra",partly based on BWV 59
075,A094,Die Elenden sollen essen,E minor,1723,Sacred cantatas,"For 4 voices, mixed chorus, orchestra",
076/1,A097,Die Himmel erzählen die Ehre Gottes,C major,1723,Sacred cantatas,"For 4 voices, mixed chorus, orchestra",1st version
076/2,A185,Die Himmel erzählen die Ehre Gottes,C major,1723,Sacred cantatas,"For 4 voices, mixed chorus, orchestra",2nd version; partly re-used in BWV 528
077,A126,"Du sollt Gott, deinen Herren, lieben",C major,1723,Sacred cantatas,"For 4 voices, mixed chorus, orchestra",
078,A130,"Jesu, der du meine Seele",G minor,1724,Sacred cantatas,"For 4 voices, mixed chorus, orchestra",
079,A184,Gott der Herr ist Sonn und Schild,G major,1725,Sacred cantatas,"For 3 voices, mixed chorus, orchestra","partly re-used in BWV 234, BWV 236"
080,A183,Ein feste Burg ist unser Gott,D major,"1727–31, rev. 1744–47?",Sacred cantatas,"For 4 voices, mixed chorus, orchestra","based on BWV 80a, 80b; 1st version"
080a,A052,"Alles, was von Gott geboren",D major,1716,Sacred cantatas,"For 4 voices, mixed chorus, orchestra",lost; revised in BWV 80
080b,A183,Ein feste Burg ist unser Gott,,1715,Sacred cantatas,,fragment only; revised in BWV 80
081,A039,"Jesus schläft, was soll ich hoffen?",E minor,1724,Sacred cantatas,"For 3 voices, mixed chorus, orchestra",
082,A169,Ich habe genug,C minor,1727,Sacred cantatas,"For voice, oboe, strings, continuo",
083,A167,Erfreute Zeit im neuen Bunde,F major,1724,Sacred cantatas,"For 3 voices, mixed chorus, orchestra",
084,A043,Ich bin vergnügt mit meinem Glücke,E minor,1727,Sacred cantatas,"For voice, mixed chorus, orchestra",
085,A066,Ich bin ein guter Hirt,C minor,1725,Sacred cantatas,"For 4 voices, mixed chorus, orchestra",
086,A073,"Wahrlich, wahrlich, ich sage euch",E major,1724,Sacred cantatas,"For 4 voices, mixed chorus, orchestra",
087,A074,Bisher habt ihr nichts gebeten in meinem Namen,D minor,1725,Sacred cantatas,"For 3 voices, mixed chorus, orchestra",
088,A105,"Siehe, ich will viel Fischer aussenden",D major,1726,Sacred cantatas,"For 4 voices, mixed chorus, orchestra",
089,A155,"Was soll ich aus dir machen, Ephraim",C minor,1723,Sacred cantatas,"For 3 voices, mixed chorus, orchestra",
090,A163,Es reißet euch ein schrecklich Ende,D minor,1723,Sacred cantatas,"For 3 voices, mixed chorus, orchestra",
091,A009,"Gelobet seist du, Jesu Christ",G major,1724,Sacred cantatas,"For 4 voices, mixed chorus, orchestra",
092,A042,Ich hab in Gottes Herz und Sinn,B minor,1725,Sacred cantatas,"For 4 voices, mixed chorus, orchestra",
093,A104,Wer nur den lieben Gott lässt walten,C minor,1725,Sacred cantatas,"For 4 voices, mixed chorus, 2 oboes, strings, continuo",movt.IV adapted in BWV 647
094,A115,Was frag ich nach der Welt,D major,1724,Sacred cantatas,"For 4 voices, mixed chorus, orchestra",
095,A136,"Christus, der ist mein Leben",G major,1723,Sacred cantatas,"For 3 voices, mixed chorus, orchestra",
096,A142,"Herr Christ, der einge Gottessohn",F major,1724,Sacred cantatas,"For 4 voices, mixed chorus, orchestra",
097,A189,In allen meinen Taten,B♭ major,1734,Sacred cantatas,"For 4 voices, mixed chorus, orchestra",
098,A153,"Was Gott tut, das ist Wohlgethan",B♭ major,1726,Sacred cantatas,"For 4 voices, mixed chorus, orchestra",
099,A133,"Was Gott tut, das ist wohlgetan",G major,1724,Sacred cantatas,"For 4 voices, mixed chorus, orchestra",
100,A191,"Was Gott tut, das ist wohlgetan",G major,1732–35,Sacred cantatas,"For 4 voices, mixed chorus, orchestra",
101,A118,"Nimm von uns, Herr, du treuer Gott",D minor,1724,Sacred cantatas,"For 4 voices, mixed chorus, orchestra",
102,A119,"Herr, deine Augen sehen nach dem Glauben",G minor,1726,Sacred cantatas,"For 3 voices, mixed chorus, orchestra","partly re-used in BWV 233, BWV 235"
103,A069,Ihr werdet weinen und heulen,B minor,1725,Sacred cantatas,"For 2 voices, mixed chorus, orchestra",
104,A065,"Du Hirte Israel, höre",G major,1724,Sacred cantatas,"For 2 voices, mixed chorus, orchestra",
105,A114,"Herr, gehe nicht ins Gericht mit deinem Knecht",G minor,1723,Sacred cantatas,"For 4 voices, mixed chorus, orchestra",
106,B18,Gottes Zeit ist die allerbeste Zeit (Actus Tragicus),E♭ major,1707–08?,Secular cantatas,"For 2 voices, mixed chorus, orchestra",
107,A109,Was willst du dich betrüben,B minor,1724,Sacred cantatas,"For 3 voices, mixed chorus, orchestra",
108,A072,"Es ist euch gut, daß ich hingehe",A major,1725,Sacred cantatas,"For 3 voices, mixed chorus, orchestra",
109,A151,"Ich glaube, lieber Herr",D minor,1723,Sacred cantatas,"For 2 voices, mixed chorus, orchestra",
110,A010,Unser Mund sei voll Lachens,D major,1725,Sacred cantatas,"For 4 voices, mixed chorus, orchestra",
111,A036,"Was mein Gott will, das g'scheh allzeit",A major,1725,Sacred cantatas,"For 4 voices, mixed chorus, orchestra",
112,A067,Der Herr ist mein getreuer Hirt,G major,1731,Sacred cantatas,"For 4 voices, mixed chorus, orchestra",
113,A122,"Herr Jesu Christ, du höchstes Gut",B minor,1724,Sacred cantatas,"For 4 voices, mixed chorus, orchestra",
114,A139,"Ach, lieben Christen, seid getrost",G minor,1724,Sacred cantatas,"For 4 voices, mixed chorus, orchestra",
115,A156,"Mache dich, mein Geist, bereit",G major,1724,Sacred cantatas,"For 4 voices, mixed chorus, orchestra",
116,A164,"Du Friedefürst, Herr Jesu Christ",A major,1724,Sacred cantatas,"For 4 voices, mixed chorus, orchestra",
117,A187,Sei Lob und Ehr dem höchsten Gut,G major,1728–31?,Sacred cantatas,"For 3 voices, mixed chorus, orchestra",
118,B23,"O Jesu Christ, mein's Lebens Licht",B♭ major,"1736–37, rev. 1746–47?",Motets,"For mixed chorus, orchestra",
119,B03,"Preise, Jerusalem, den Herren",C major,1730,Secular cantatas,"For 4 voices, mixed chorus, orchestra",
120,B06,"Gott, man lobet dich in der Stille",A major,1728–29?,Secular cantatas,"For 4 voices, mixed chorus, orchestra","re-used in BWV 120a, 120b"
120a,B15,"Herr Gott, Beherrscher aller Dinge",D major,1729?,Secular cantatas,"For 4 voices, mixed chorus, orchestra",based on BWV 120; partly lost
120b,B28,"Gott, man lobet dich in der Stille",,1730,Secular cantatas,,lost
121,A013,Christum wir sollen loben schon,E minor,1724,Sacred cantatas,"For 4 voices, mixed chorus, orchestra",
122,A019,Das neugeborne Kindelein,G minor,1724,Sacred cantatas,"For 4 voices, mixed chorus, orchestra",
123,A028,"Liebster Immanuel, Herzog der Frommen",B minor,1725,Sacred cantatas,"For 3 voices, mixed chorus, orchestra",
124,A030,Meinen Jesum lass ich nicht,E major,1725,Sacred cantatas,"For 4 voices, mixed chorus, orchestra",
125,A168,Mit Fried und Freud ich fahr dahin,E minor,1725,Sacred cantatas,"For 3 voices, mixed chorus, orchestra",
126,A046,"Erhalt uns, Herr, bei deinem Wort",A minor,1725,Sacred cantatas,"For 3 voices, mixed chorus, orchestra",
127,A049,"Herr Jesu Christ, wahr' Mensch und Gott",F major,1725,Sacred cantatas,"For 3 voices, mixed chorus, orchestra",
128,A076,Auf Christi Himmelfahrt allein,G major,1725,Sacred cantatas,"For 3 voices, mixed chorus, orchestra",
129,A093,"Gelobet sei der Herr, mein Gott",D major,1726,Sacred cantatas,"For 3 voices, mixed chorus, orchestra",
130,A179,"Herr Gott, dich loben alle wir",C major,1724,Sacred cantatas,"For 4 voices, mixed chorus, orchestra",
131,B25,"Aus der Tiefe rufe ich, Herr, zu dir",G minor,1707–08,Sacred cantatas,"For 4 voices, mixed chorus, orchestra",
131a,J62,Fugue,G minor,—,Fugues,For organ,Bach's authorship uncertain; arranged from the finale of BWV 131
132,A006,"Bereitet die Wege, bereitet die Bahn",A major,1715,Sacred cantatas,"For 4 voices, mixed chorus, orchestra",
133,A016,Ich freue mich in dir,D major,1724,Sacred cantatas,"For 4 voices, mixed chorus, orchestra",
134,A059,"Ein Herz, das seinen Jesum lebend weiß",B♭ major,1724,Sacred cantatas,"For 2 voices, mixed chorus, orchestra",based on BWV 134a
134a,G05,"Die Zeit, die Tag und Jahre macht",B♭ major,1718,Sacred cantatas,"For 2 voices, mixed chorus, orchestra",revised as BWV 134
135,A100,"Ach Herr, mich armen Sünder",E minor,1724,Sacred cantatas,"For 3 voices, mixed chorus, orchestra",
136,A111,"Erforsche mich, Gott, und erfahre mein Herz",A major,1723,Sacred cantatas,"For 3 voices, mixed chorus, orchestra",partly re-used in BWV 234
137,A124,"Lobe den Herren, den mächtigen König der Ehren",C major,1725,Sacred cantatas,"For 4 voices, mixed chorus, orchestra",movt.II adapted in BWV 650
138,A132,"Warum betrübst du dich, mein Herz",B minor,1723,Sacred cantatas,"For 4 voices, mixed chorus, orchestra",partly re-used in BWV 236
139,A159,"Wohl dem, der sich auf seinen Gott",E major,1724,Sacred cantatas,"For 4 voices, mixed chorus, orchestra",
140,A166,"Wachet auf, ruft uns die Stimme",E♭ major,1731,Sacred cantatas,"For 3 voices, mixed chorus, orchestra",movt.IV adapted in BWV 645
141,V03,Das ist je gewisslich wahr,G major,—,Sacred cantatas,"For 3 voices, mixed chorus, orchestra",spurious; composed by Georg Philipp Telemann
142,V04,Uns ist ein Kind geboren,A minor,—,Sacred cantatas,"For 3 voices, mixed chorus, orchestra",spurious; probably compoed by Johann Kuhnau
143,T01,"Lobe den Herrn, meine Seele",B♭ major,1708–14,Sacred cantatas,"For 3 voices, mixed chorus, orchestra",Bach's authorship uncertain
144,A041,"Nimm, was dein ist, und gehe hin",B minor,1724,Sacred cantatas,"For 3 voices, mixed chorus, orchestra",
145,A060,"Ich lebe, mein Herze, zu deinem Ergötzen",D major,1729,Sacred cantatas,"For 3 voices, mixed chorus, orchestra",
146,A070,Wir müssen durch viel Trübsal in das Reich Gottes eingehen,D minor,1726,Sacred cantatas,"For 4 voices, mixed chorus, orchestra",partly based on a lost violin concerto (see BWV 1052R)
147,A174,Herz und Mund und Tat und Leben,C major,1723,Sacred cantatas,"For 4 voices, mixed chorus, orchestra",based on BWV 147a
147a,A007,Herz und Mund und Tat und Leben,,1716,Sacred cantatas,,"rext is not lost, but only the first four sheets of the musical score survives; revised as BWV 147"
148,A140,Bringet dem Herrn Ehre seines Namens,D major,1723,Sacred cantatas,"For 2 voices, mixed chorus, orchestra",
149,A181,Man singet mit Freuden vom Sieg,D major,1729,Sacred cantatas,"For 4 voices, mixed chorus, orchestra",
150,B24,"Nach dir, Herr, verlanget mich",B minor,1706,Secular cantatas,"For 4 voices, mixed chorus, orchestra",
151,A017,"Süsser Trost, mein Jesus kömmt",G major,"1726, rev. 1727?",Sacred cantatas,"For 4 voices, mixed chorus, orchestra",
152,A018,Tritt auf die Glaubensbahn,,1714,Sacred cantatas,"For 2 voices, orchestra",
153,A025,"Schau, lieber Gott, wie meine Feind",A minor,1723,Sacred cantatas,"For 3 voices, mixed chorus, orchestra",
154,A029,Mein liebster Jesus ist verloren,B minor,1724,Sacred cantatas,"For 3 voices, mixed chorus, orchestra",
155,A032,"Mein Gott, wie lang, ach lange",D minor,1716,Sacred cantatas,"For 4 voices, mixed chorus, orchestra",
156,A038,Ich steh mit einem Fuß im Grabe,F major,1729,Sacred cantatas,"For 3 voices, mixed chorus, orchestra",sinfonia based on BWV 1056
157,A170,"Ich lasse dich nicht, du segnest mich denn!",B minor,1728,Sacred cantatas,"For 2 voices, mixed chorus, orchestra",based on BWV 157a
157a,B20,"Ich lasse dich nicht, du segnest mich denn!",B minor,1727,Secular cantatas,"For 2 voices, mixed chorus, orchestra",revised as BWV 157
158,A061,Der Friede sei mit dir,D major,1732–35,Sacred cantatas,"For voice, mixed chorus, oboe, violin, continuo",based on BWV 158a
158a,A061,Der Friede sei mit dir,D major,1732–35,Sacred cantatas,"For voice, mixed chorus, oboe, violin, continuo",incomplete; revised as BWV 158
159,A050,"Sehet, wir geh'n hinauf gen Jerusalem",C minor,1729,Sacred cantatas,"For 3 voices, mixed chorus, orchestra",
160,V05,"Ich weiss, dass mein Erlöser lebt",C major,—,Sacred cantatas,"For voice, bassoon, violin, continuo",spurious; composed by Georg Philipp Telemann (TWV 1:877)
161,A135,"Komm, du süsse Todesstunde",C major,1715,Sacred cantatas,"For 2 voices, mixed chorus, orchestra",
162,A090,"Ach! ich sehe, itzt, da ich zur Hochzeit gehe",A minor,1716,Sacred cantatas,"For 4 voices, mixed chorus, orchestra",incomplete
163,A158,Nur jedem das Seine,B minor,1715,Sacred cantatas,"For 4 voices, mixed chorus, orchestra",
164,A128,"Ihr, die ihr euch von Christo nennet",G minor,1725,Sacred cantatas,"For 4 voices, mixed chorus, orchestra",
165,A090,O heilges Geist- und Wasserbad,G major,1715,Sacred cantatas,"For 4 voices, mixed chorus, orchestra",
166,A071,Wo gehest du hin,B♭ major,1724,Sacred cantatas,"For 3 voices, mixed chorus, orchestra",incomplete
167,A176,"Ihr Menschen, rühmet Gottes Liebe",G major,1723,Sacred cantatas,"For 4 voices, mixed chorus, orchestra",
168,A116,Tue Rechnung! Donnerwort,B minor,1725,Sacred cantatas,"For 4 voices, mixed chorus, orchestra",
169,A143,Gott soll allein mein Herze haben,D major,1726,Sacred cantatas,"For voice, mixed chorus, orchestra",partly based on a lost oboe concerto (see BWV 1053R)
170,A106,"Vergnügte Ruh, beliebte Seelenlust",D major,1726,Sacred cantatas,"For voice, orchestra",
171,A024,"Gott, wie dein Name, so ist auch dein Ruhm",D major,1728?,Sacred cantatas,"For 4 voices, mixed chorus, orchestra",
172/1,A081a,"Erschallet, ihr Lieder",D major,1714,Sacred cantatas,"For 4 voices, mixed chorus, orchestra",1st version
172/2,A081b,"Erschallet, ihr Lieder",C major,1731,Sacred cantatas,"For 4 voices, mixed chorus, orchestra",2nd version
173,A085,Erhöhtes Fleisch und Blut,D major,1724,Sacred cantatas,"For 4 voices, mixed chorus, orchestra",based on BWV 173a
173a,G09,Durchlauchtster Leopold,D major,1717–22?,Secular cantatas,"For 2 voices, orchestra",revised as BWV 173
174,A087,Ich liebe den Höchsten von ganzem Gemüte,G major,1729,Sacred cantatas,"For 3 voices, mixed chorus, orchestra",Sinfonia (No. 1) based on the 1st movement of the Brandenburg Concerto No.3 BWV 1048.
175,A089,Er rufet seinen Schafen mit Namen,G major,1725,Sacred cantatas,"For 3 voices, mixed chorus, orchestra",
176,A092,Es ist ein trotzig und verzagt Ding,C minor,1725,Sacred cantatas,"For 3 voices, mixed chorus, orchestra",
177,A103,"Ich ruf zu dir, Herr Jesu Christ",G minor,1732,Sacred cantatas,"For 3 voices, mixed chorus, orchestra",
178,A112,Wo Gott der Herr nicht bei uns hält,A minor,1724,Sacred cantatas,"For 3 voices, mixed chorus, orchestra",
179,A121,"Siehe zu, dass deine Gottesfurcht",G major,1723,Sacred cantatas,"For 3 voices, mixed chorus, orchestra","partly re-used in BWV 234, BWV 236"
180,A149,"Schmücke dich, o liebe Seele",F major,1724,Sacred cantatas,"For 4 voices, mixed chorus, orchestra",
181/1,A045,Leichtgesinnte Flattergeister,E minor,"1724, rev. 1743–46",Sacred cantatas,"For 4 voices, mixed chorus, orchestra",
182/1,A053,"Himmelskönig, sei willkommen",G major,1714,Sacred cantatas,"For 3 voices, mixed chorus, orchestra",1st version
182/2,A172,"Himmelskönig, sei willkommen",G major,1728,Sacred cantatas,"For 3 voices, mixed chorus, orchestra",2nd version
183,A079,Sie werden euch in den Bann tun,A minor,1725,Sacred cantatas,"For 4 voices, mixed chorus, orchestra",
184,A088,Erwünschtes Freudenlicht,G major,1724,Sacred cantatas,"For 3 voices, mixed chorus, orchestra",based on BWV 184a
184a,G08,Cantata,G major,1720,Sacred cantatas,,lost; possibly the same as BWV Anh.8; revised as BWV 184
185,A101,Barmherziges Herze der ewigen Liebe,F♯ minor,1715,Sacred cantatas,"For 4 voices, mixed chorus, orchestra",
186,A108,"ArgeÄrgre dich, o Seele, nicht",G minor,1723,Sacred cantatas,"For 4 voices, mixed chorus, orchestra",based on BWV 186a
186a,A108,"ArgeÄrgre dich, o Seele, nicht",,1716,Sacred cantatas,,"text not lost, but music survives in a few individual parts; revised as BWV 186"
187,A110,Es wartet alles auf dich,G minor,1726,Sacred cantatas,"For 3 voices, mixed chorus, orchestra",parts re-used in BWV 235
188,A154,Ich habe meine Zuversicht,D minor,1728,Sacred cantatas,"For 4 voices, mixed chorus, orchestra",sinfonia based on a lost violin concerto (see BWV 1052R)
189,V06,Meine Seele rühmt und preist,B♭ major,—,Sacred cantatas,"For voice, orchestra",spurious; composed by Melchior Hoffmann
190,A021,Singet dem Herrn ein neues Lied,D major,1723,Sacred cantatas,"For 3 voices, mixed chorus, orchestra",partly lost; revised as BWV 190a
190a,B27,Singet dem Herrn ein neues Lied,D major,1730,Secular cantatas,,lost
191,E16,Gloria in excelsis Deo,D major,1741–45,Sacred cantatas,"For 2 voices, mixed chorus, orchestra",based on BWV 232/1
192,A188,Nun danket alle Gott,G major,1730,Sacred cantatas,"For 2 voices, mixed chorus, orchestra",partly lost
193,B05,Ihr Tore zu Zion,D major,1727,Secular cantatas,"For 2 voices, mixed chorus, orchestra",incomplete
193a,G15,"Ihr Häuser des Himmels, ihr scheinenden Lichter",,1727,Secular cantatas,,lost
194,A091,Höchsterwünschtes Freudenfest,B♭ major,1723,Sacred cantatas,"For 3 voices, mixed chorus, orchestra",based on BWV 194a
194a,G11,Cantata [for the consecration of the organ at Störmthal],,1723,Secular cantatas,,lost; revised as BWV 194
195,B14,Dem Gerechten muss das Licht,D major,"1727–31, rev. 1742, 1748–49",Secular cantatas,,partly lost
196,B11,Der Herr denket an uns,C major,1707–08,Secular cantatas,"For 3 voices, mixed chorus, orchestra",
197,B16,Gott ist unsre Zuversicht,D major,1736–37,Secular cantatas,"For 3 voices, mixed chorus, orchestra",partly based on BWV 197a
197a,A011,Ehre sei Gott in der Höhe,D major,1728,Sacred cantatas,"For 2 voices, mixed chorus, orchestra",re-used in BWV 197; partly lost
198,G34,"Lass, Fürstin, lass noch einen Strahl (Trauer-Ode)",B minor,1727,Secular cantatas,"For 4 voices, mixed chorus, orchestra","partly re-used in BWV 244a, BWV 247"
199,A120,Mein Herze schwimmt im Blut,C minor,1714,Sacred cantatas,"For voice, orchestra",
200,A192,Bekennen will ich seinen Namen,E major,1742–43,Sacred cantatas,"For voice, 2 violins, continuo",incomplete (aria only)
201,G46,"Geschwinde, ihr wirbelnden Winde (Der Streit zwischen Phoebus und Pan)",D major,1729?,Secular cantatas,"For 6 voices, mixed chorus, orchestra",
202,G41,"Weichet nur, betrübte Schatten",G major,1730?,Secular cantatas,"For voice, oboe, strings, continuo",
203,G51,Amore traditore,A minor,1723?,Secular cantatas,"For voice, harpsichord",Bach's authorship uncertain
204,G45,Ich bin in mir vergnügt,B♭ major,1726–27,Secular cantatas,"For voice, orchestra",
205,G36,"Zerreißet, zersprenget, zertrümmert die Gruft (Der zufriedengestellte Aeolus)",D major,1725,Secular cantatas,"For 4 voices, mixed chorus, orchestra","dramma per musica, for the birthday of Professor Augustus Friedrich Müller; parts re-used in BWV 205a"
205a,G20,"Blast Lärmen, ihr Feinde! verstärket die Macht",D major,1731,Secular cantatas,,incomplete
206/1,G23,"Schleicht, spielende Wellen",D major,1736,Secular cantatas,"For 4 voices, mixed chorus, orchestra",1st version
206/2,G26,"Schleicht, spielende Wellen",D major,1740,Secular cantatas,"For 4 voices, mixed chorus, orchestra",2nd version
207,G37,Vereinigte Zwietracht der wechselnden Saiten,D major,1726,Secular cantatas,"For 4 voices, mixed chorus, orchestra",
207a,G22,"Auf, schmetternde Töne der muntern Trompeten",D major,1735,Secular cantatas,"For 4 voices, mixed chorus, orchestra",
208/1,G01,"Was mir behagt, ist nur die muntre Jagd (Jagdkantate)",F major,1713,Secular cantatas,"For 4 voices, orchestra","1st version of BWV 208/2; partly re-used in BWV 208a, BWV Anh.193"
208/2,G03,"Was mir behagt, ist nur die muntre Jagd (Jagdkantate)",F major,1716?,Secular cantatas,"For 4 voices, orchestra",2nd version of BWV 208/1
208a,G26,"Was mir behagt, ist nur die muntre Jagd (Frolockender Goetterstreit)",F major,1740?,Secular cantatas,,cantata for the nameday of King August III; based on BWV 208; lost
209,G50,Non sa che sia dolore,B minor,1729?,Secular cantatas,"For voice, flute, strings, continuo",
210,G44,"O holder Tag, erwünschte Zeit",A major,1738–41?,Secular cantatas,"For voice, orchestra",re-used in BWV 210?
210a,G29,O angenehme Melodei,A major,1740,Secular cantatas,,incomplete; based on BWV 210?
211,G48,"Schweigt stille, plaudert nicht (""Kaffee-Kantate"" / ""Coffee Cantata"")",G major,1732–34,Secular cantatas,"For 3 voices, orchestra",
212,G32,"Mer hahn en neue Oberkeet (""Bauernkantate"" / ""Peasant Cantata"")",A major,1742,Secular cantatas,"For 2 voices, orchestra",
213,G18,"Laßt uns sorgen, laßt uns wachen (Hercules auf dem Scheidewege)",F major,1733,Secular cantatas,"For 5 voices, mixed chorus, orchestra",partly re-used in BWV 248/1–5
214,G19,"Tönet, ihr Pauken! Erschallet, Trompeten!",D major,1733,Secular cantatas,"For 4 voices, orchestra",
215,G21,"Preise dein Glücke, gesegnetes Sachsen",D major,1734,Secular cantatas,"For 3 voices, 2 mixed choruses, orchestra",partly re-used in BWV 248/1–5
216,G43,Vergnügte Pleissenstadt (Apollo et Mercurius),C major,1728,Secular cantatas,For 2 voices (orchestra?),incomplete
216a,G47,Erwählte Pleissenstadt (Apollo et Mercurius),,1728,Secular cantatas,,lost
217,V07,"Gedenke, Herr, wie es uns gehet",D minor,—,Sacred cantatas,"For 4 voices, mixed chorus, orchestra",spurious; probably composed by Johann Christoph Altnikol
218,V08,Gott der Hoffnung erfülle euch,D major,—,Sacred cantatas,"For 4 voices, mixed chorus, orchestra",spurious; composed by Georg Philipp Telemann (TWV 1:634)
219,V09,"Siehe, es hat überwunden",D major,—,Sacred cantatas,"For 3 voices, mixed chorus, orchestra",spurious; composed by Georg Philipp Telemann (TWV 1:1328)
220,V10,Lobt ihn mit Herz und Munde,B minor,—,Sacred cantatas,"For 3 voices, mixed chorus, orchestra",spurious; composer unidentified
221,V11,"Wer sucht die Pracht, wer wünscht den Glanz",B minor,—,Sacred cantatas,"For 2 voices, orchestra",spurious; composer unidentified
222,V12,Mein Odem ist schwach,D major,—,Sacred cantatas,"For 2 voices, mixed chorus, organ, strings",spurious; composed by Johann Ernst Bach
223,A186,Meine Seele soll Gott loben,B♭ major,1707–08?,Sacred cantatas,,incomplete
224,T02,"Reißt euch los, bekränkte Sinnen",D minor,1724,Sacred cantatas,,incomplete; spurious; probably composed by Carl Philipp Emanuel Bach
